{	"friction_zones": [],	"key_items": [],	"blocks": [ {	"pos": {	"__type_tag__": 774610643,	"__value__": [ -1.200000, -1.800000 ]},	"size": {	"__type_tag__": 774610643,	"__value__": [ 3.900000, 0.300000 ]},	"kind": 0,	"back": false}, {	"pos": {	"__type_tag__": 774610643,	"__value__": [ 7.800000, 1.200000 ]},	"size": {	"__type_tag__": 774610643,	"__value__": [ 3.900000, 0.300000 ]},	"kind": 0,	"back": false}, {	"pos": {	"__type_tag__": 774610643,	"__value__": [ 3.600000, -0.300000 ]},	"size": {	"__type_tag__": 774610643,	"__value__": [ 2.700000, 2.100000 ]},	"kind": 0,	"back": true} ],	"torches": [],	"kill_zones": [],	"prest_sources": [],	"next_zones": [],	"dry_zones": [],	"dispensers": [],	"decor_sprites": [],	"markers": [],	"rocks": [],	"doors": [],	"auto_binding_zones": [],	"trigger_zones": [],	"camera_bound": [ -2.848103, -3.444013, 16.000000, 9.000000 ],	"moving_blocks": [],	"player": {	"pos": {	"__type_tag__": 774610643,	"__value__": [ -0.224999, -1.499989 ]},	"prest": 0.000000},	"ambient": {	"color": {	"__type_tag__": 774610772,	"__value__": [ 1.000000, 1.000000, 1.000000, 1.000000 ]},	"intensity": 1.000000},	"camera": [ -3.721520, -2.373528, 16.000000, 9.000000 ]}