{	"blocks": [ {	"pos": {	"__type_tag__": 774610643,	"__value__": [ -0.698790, -6.616040 ]},	"size": {	"__type_tag__": 774610643,	"__value__": [ 6.850000, 1.910000 ]}}, {	"pos": {	"__type_tag__": 774610643,	"__value__": [ 11.634357, -6.920720 ]},	"size": {	"__type_tag__": 774610643,	"__value__": [ 5.450001, 3.425000 ]}}, {	"pos": {	"__type_tag__": 774610643,	"__value__": [ -1.358968, -6.625960 ]},	"size": {	"__type_tag__": 774610643,	"__value__": [ 0.650000, 2.830000 ]}} ],	"rocks": [],	"kill_zones": [ {	"pos": {	"__type_tag__": 774610643,	"__value__": [ 6.135869, -6.591614 ]},	"size": {	"__type_tag__": 774610643,	"__value__": [ 7.660000, 0.580000 ]}} ],	"markers": [],	"prest_sources": [ {	"pos": {	"__type_tag__": 774610643,	"__value__": [ -0.340340, -4.157199 ]},	"prest": 0.500000} ],	"next_zones": [ {	"pos": {	"__type_tag__": 774610643,	"__value__": [ 16.440598, -3.565665 ]},	"size": {	"__type_tag__": 774610643,	"__value__": [ 0.620001, 2.320000 ]},	"next_level": "1-2.json"} ],	"dry_zones": [],	"dispensers": [],	"doors": [],	"trigger_zones": [],	"player": {	"pos": {	"__type_tag__": 774610643,	"__value__": [ 1.739491, -4.706039 ]},	"prest": 0.000000,	"size": {	"__type_tag__": 774610643,	"__value__": [ 0.500000, 1.000000 ]}},	"camera": {	"pos": {	"__type_tag__": 774610643,	"__value__": [ 2.027565, -4.682732 ]},	"size": {	"__type_tag__": 774610643,	"__value__": [ 12.800000, -7.200000 ]}}}