{
	"blocks": [ {
		"pos": {
			"__type_tag__": 774610643,
			"__value__": [ -0.698790, -6.616040 ]
		},
		"size": {
			"__type_tag__": 774610643,
			"__value__": [ 6.850000, 1.910000 ]
		}
	}, {
		"pos": {
			"__type_tag__": 774610643,
			"__value__": [ 11.634357, -6.920720 ]
		},
		"size": {
			"__type_tag__": 774610643,
			"__value__": [ 5.450001, 3.425000 ]
		}
	} ],
	"kill_zones": [ {
		"pos": {
			"__type_tag__": 774610643,
			"__value__": [ 5.904948, -6.593244 ]
		},
		"size": {
			"__type_tag__": 774610643,
			"__value__": [ 7.240001, 1.120000 ]
		}
	}, {
		"pos": {
			"__type_tag__": 774610643,
			"__value__": [ 17.084948, -3.933243 ]
		},
		"size": {
			"__type_tag__": 774610643,
			"__value__": [ 2.199999, 0.450000 ]
		}
	}, {
		"pos": {
			"__type_tag__": 774610643,
			"__value__": [ -1.755051, -6.623243 ]
		},
		"size": {
			"__type_tag__": 774610643,
			"__value__": [ 1.050000, 2.950000 ]
		}
	} ],
	"prest_sources": [ {
		"pos": {
			"__type_tag__": 774610643,
			"__value__": [ -0.340340, -4.157199 ]
		},
		"prest": 0.500000
	} ],
	"dispensers": [],
	"player": {
		"pos": {
			"__type_tag__": 774610643,
			"__value__": [ 0.899660, -4.706040 ]
		},
		"prest": 0.000000,
		"size": {
			"__type_tag__": 774610643,
			"__value__": [ 0.500000, 1.000000 ]
		}
	},
	"camera": {
		"pos": {
			"__type_tag__": 774610643,
			"__value__": [ 13.544950, -2.883244 ]
		},
		"size": {
			"__type_tag__": 774610643,
			"__value__": [ 12.800000, -7.200000 ]
		}
	}
}