{	"blocks": [ {	"pos": {	"__type_tag__": 774610643,	"__value__": [ -0.698790, -6.616040 ]},	"size": {	"__type_tag__": 774610643,	"__value__": [ 6.850000, 1.910000 ]}}, {	"pos": {	"__type_tag__": 774610643,	"__value__": [ 11.634357, -6.920720 ]},	"size": {	"__type_tag__": 774610643,	"__value__": [ 5.450001, 3.425000 ]}}, {	"pos": {	"__type_tag__": 774610643,	"__value__": [ -1.358968, -6.625960 ]},	"size": {	"__type_tag__": 774610643,	"__value__": [ 0.650000, 2.830000 ]}} ],	"kill_zones": [ {	"pos": {	"__type_tag__": 774610643,	"__value__": [ 6.135869, -6.591614 ]},	"size": {	"__type_tag__": 774610643,	"__value__": [ 7.660000, 0.580000 ]}} ],	"markers": [],	"prest_sources": [],	"next_zones": [ {	"pos": {	"__type_tag__": 774610643,	"__value__": [ 16.440598, -3.565665 ]},	"size": {	"__type_tag__": 774610643,	"__value__": [ 0.620001, 2.320000 ]},	"next_level": "1-2.json"} ],	"dry_zones": [],	"dispensers": [],	"decor_sprites": [ {	"rec": [ -1.812444, -8.722739, 19.360001, 19.360001 ],	"texture_path": "C:\Users\tackw\Code\Roshar\textures\1-1_decor.png"} ],	"rocks": [],	"doors": [],	"trigger_zones": [],	"player": {	"pos": {	"__type_tag__": 774610643,	"__value__": [ 3.649151, -4.706039 ]},	"prest": 0.000000,	"size": {	"__type_tag__": 774610643,	"__value__": [ 0.500000, 1.000000 ]}},	"camera": {	"pos": {	"__type_tag__": 774610643,	"__value__": [ 3.649153, -4.415367 ]},	"size": {	"__type_tag__": 774610643,	"__value__": [ 25.600000, -14.400000 ]}}}