{
	"blocks": [ {
		"pos": {
			"__type_tag__": 774610643,
			"__value__": [ 70.050583, -8.499625 ]
		},
		"size": {
			"__type_tag__": 774610643,
			"__value__": [ 3.260002, 0.770000 ]
		}
	} ],
	"kill_zones": [],
	"markers": [],
	"prest_sources": [],
	"next_zones": [],
	"dry_zones": [],
	"dispensers": [],
	"player": {
		"pos": {
			"__type_tag__": 774610643,
			"__value__": [ 70.269402, -7.729621 ]
		},
		"prest": 0.500000,
		"size": {
			"__type_tag__": 774610643,
			"__value__": [ 0.500000, 1.000000 ]
		}
	},
	"camera": {
		"pos": {
			"__type_tag__": 774610643,
			"__value__": [ 70.564079, -7.729613 ]
		},
		"size": {
			"__type_tag__": 774610643,
			"__value__": [ 12.800000, -7.200000 ]
		}
	}
}