{	"friction_zones": [],	"key_items": [],	"blocks": [ {	"pos": {	"__type_tag__": 774610643,	"__value__": [ 0.000000, -10.800000 ]},	"size": {	"__type_tag__": 774610643,	"__value__": [ 3.300000, 0.300000 ]},	"kind": 0,	"back": false}, {	"pos": {	"__type_tag__": 774610643,	"__value__": [ 3.300000, -10.800001 ]},	"size": {	"__type_tag__": 774610643,	"__value__": [ 0.300000, 10.200001 ]},	"kind": 0,	"back": false} ],	"torches": [],	"kill_zones": [],	"prest_sources": [ {	"pos": {	"__type_tag__": 774610643,	"__value__": [ 1.650000, -9.750000 ]},	"prest": 1.000000} ],	"next_zones": [],	"dry_zones": [],	"dispensers": [],	"decor_sprites": [],	"markers": [],	"rocks": [],	"doors": [],	"auto_binding_zones": [],	"trigger_zones": [],	"camera_bound": [ -7.129265, -11.090920, 17.183823, 9.665900 ],	"moving_blocks": [],	"player": {	"pos": {	"__type_tag__": 774610643,	"__value__": [ 0.739414, -9.599985 ]},	"prest": 0.965000},	"ambient": {	"color": {	"__type_tag__": 774610772,	"__value__": [ 1.000000, 1.000000, 1.000000, 1.000000 ]},	"intensity": 2.000000},	"camera": [ -7.088473, -13.322914, 17.183823, 9.665900 ]}