{	"friction_zones": [],	"key_items": [],	"blocks": [ {	"pos": {	"__type_tag__": 774610643,	"__value__": [ -0.900000, -6.000000 ]},	"size": {	"__type_tag__": 774610643,	"__value__": [ 4.500000, 0.300000 ]},	"kind": 0,	"back": false}, {	"pos": {	"__type_tag__": 774610643,	"__value__": [ 8.400000, -2.700000 ]},	"size": {	"__type_tag__": 774610643,	"__value__": [ 6.900001, 0.300000 ]},	"kind": 0,	"back": false}, {	"pos": {	"__type_tag__": 774610643,	"__value__": [ 4.200001, -3.900000 ]},	"size": {	"__type_tag__": 774610643,	"__value__": [ 2.400000, 2.100000 ]},	"kind": 0,	"back": true} ],	"torches": [],	"kill_zones": [],	"prest_sources": [ {	"pos": {	"__type_tag__": 774610643,	"__value__": [ 2.994177, -5.275811 ]},	"prest": 1.000000} ],	"next_zones": [ {	"pos": {	"__type_tag__": 774610643,	"__value__": [ 14.100001, -2.100000 ]},	"size": {	"__type_tag__": 774610643,	"__value__": [ 0.300000, 1.800000 ]},	"next_level": "1-54.json"} ],	"dry_zones": [],	"dispensers": [],	"decor_sprites": [],	"markers": [],	"rocks": [],	"doors": [],	"auto_binding_zones": [],	"trigger_zones": [],	"moving_blocks": [],	"camera_fixed_points": [ {	"camera": [ -0.726804, -6.143313, 15.221098, 8.561867 ]} ],	"player": {	"pos": {	"__type_tag__": 774610643,	"__value__": [ 0.636230, -5.699957 ]},	"prest": 0.000000},	"ambient": {	"color": {	"__type_tag__": 774610772,	"__value__": [ 1.000000, 1.000000, 1.000000, 1.000000 ]},	"intensity": 2.000000},	"camera": [ -0.726804, -6.143313, 15.221098, 8.561867 ]}