{	"friction_zones": [],	"key_items": [],	"blocks": [ {	"pos": {	"__type_tag__": 774610643,	"__value__": [ 0.905161, -6.329838 ]},	"size": {	"__type_tag__": 774610643,	"__value__": [ 4.200000, 1.199999 ]},	"kind": 0,	"back": false}, {	"pos": {	"__type_tag__": 774610643,	"__value__": [ 6.745160, -12.529839 ]},	"size": {	"__type_tag__": 774610643,	"__value__": [ 1.520001, 1.560000 ]},	"kind": 0,	"back": false}, {	"pos": {	"__type_tag__": 774610643,	"__value__": [ -3.454842, -17.849846 ]},	"size": {	"__type_tag__": 774610643,	"__value__": [ 3.680002, 2.400001 ]},	"kind": 0,	"back": false} ],	"torches": [],	"kill_zones": [],	"prest_sources": [],	"next_zones": [],	"dry_zones": [],	"dispensers": [],	"decor_sprites": [],	"markers": [],	"rocks": [],	"doors": [],	"auto_binding_zones": [],	"trigger_zones": [],	"moving_blocks": [],	"player": {	"pos": {	"__type_tag__": 774610643,	"__value__": [ 2.421250, -3.317791 ]},	"prest": 0.000000},	"ambient": {	"color": {	"__type_tag__": 774610772,	"__value__": [ 1.000000, 1.000000, 1.000000, 1.000000 ]},	"intensity": 1.000000},	"camera": [ -18.818750, -25.077789, 51.200001, 28.799999 ]}