{
	"blocks": [ {
		"pos": {
			"__type_tag__": 774610643,
			"__value__": [ 0.905161, -6.329838 ]
		},
		"size": {
			"__type_tag__": 774610643,
			"__value__": [ 4.200000, 1.199999 ]
		}
	}, {
		"pos": {
			"__type_tag__": 774610643,
			"__value__": [ 6.745160, -12.529839 ]
		},
		"size": {
			"__type_tag__": 774610643,
			"__value__": [ 1.520001, 1.560000 ]
		}
	}, {
		"pos": {
			"__type_tag__": 774610643,
			"__value__": [ -3.454842, -17.849846 ]
		},
		"size": {
			"__type_tag__": 774610643,
			"__value__": [ 3.680002, 2.400001 ]
		}
	} ],
	"kill_zones": [],
	"prest_sources": [],
	"next_zones": [],
	"dispensers": [],
	"player": {
		"pos": {
			"__type_tag__": 774610643,
			"__value__": [ 2.421250, -3.317791 ]
		},
		"prest": 0.000000,
		"size": {
			"__type_tag__": 774610643,
			"__value__": [ 0.500000, 1.000000 ]
		}
	},
	"camera": {
		"pos": {
			"__type_tag__": 774610643,
			"__value__": [ 6.781250, -10.677791 ]
		},
		"size": {
			"__type_tag__": 774610643,
			"__value__": [ 51.200001, -28.799999 ]
		}
	}
}